"gateway ID","node MAC","UTC timestamp","us count","frequency","RF chain","RX chain","status","size","modulation","bandwidth","datarate","coderate","RSSI","SNR","payload"
"2E76B17A0F712728","","2026-01-11 13:08:17.905Z",   3554932, 867700000,0, 6,"CRC_OK" , 37,"LORA",125000,"SF7"   ,"4/5",-105, -3.5,"40BC7E4A-018025EE-08C8F265-5F0770E1-457E98C7-8CAFB338-B15C3958-7D9E14C9-03AD9217-B0"
"2E76B17A0F712728","","2026-01-11 13:08:24.101Z",   9746060, 868300000,1, 1,"CRC_OK" , 23,"LORA",125000,"SF10"  ,"4/5",-93, +8.5,"00060000-00000000-80094B30-3220F1F7-2CF00EC7-21A546"
"2E76B17A0F712728","","2026-01-11 13:08:31.497Z",  17148011, 868100000,1, 0,"CRC_OK" , 15,"LORA",125000,"SF7"   ,"4/5",-106, -3.0,"40BC7E4A-018026EE-08552D86-3D4FAE"
"2E76B17A0F712728","","2026-01-11 13:08:39.945Z",  25593964, 868100000,1, 0,"CRC_OK" , 23,"LORA",125000,"SF9"   ,"4/5",-97, +9.8,"00060000-00000000-80094B30-3220F1F7-2CA6F7A3-868455"
"2E76B17A0F712728","","2026-01-11 13:09:14.087Z",  59738396, 867500000,0, 5,"CRC_BAD", 55,"LORA",125000,"SF7"   ,"4/5",-107,-11.5,"EE64D774-BD6CC712-C03CA82E-2C039242-D6808BCF-979B76AA-0289B630-E6B36FFE-74FEC2E5-4BD01B79-68282A0B-53E521A0-44ACB0AA-A2D6BA"
"2E76B17A0F712728","","2026-01-11 13:09:24.326Z",  69976044, 867700000,0, 6,"CRC_BAD",155,"LORA",125000,"SF7"   ,"4/5",-107,-11.2,"B7BDE9E2-B5678514-29376B72-DC404183-61F2446D-C465E668-9E94070F-0991CE16-1C7E45F0-82B10404-86ABE60D-8D1C61FF-D5A23C63-1C44402F-BEE3099F-96F791C1-A575D29A-C90E4AB6-CE8E9EA1-08D407F1-B228F612-31127D9F-514798AB-D07FF8F9-24CCD5EF-B0DEBD83-57027FCD-64770CAB-98707C05-12C4CA47-EC58D296-3413AC8C-714CFDB5-EAAEF41F-931BBACC-489ED016-9789E7D3-3FAB0440-574A0C"
"2E76B17A0F712728","","2026-01-11 13:09:31.728Z",  77379675, 868500000,1, 2,"CRC_BAD",143,"LORA",125000,"SF7"   ,""   ,-108,-11.2,"3D776C53-68ACC82D-193F57BF-B584B997-A8FD281D-78589E63-D24E340C-09646A08-9F096CE8-EEF810FA-764B5F07-A4D92A87-C2B39110-374DDB90-073F19E4-85229AAD-CE83226F-CBEEC0B2-C264EF7A-A977FE27-004F9FC2-519CE10E-B8BAD3C1-2D2FFB0F-1BAEB134-95101D2D-F92C4546-186B8813-E3ED669F-CB08485D-B141E719-D9101F88-E9D6F726-D522E337-98A62F82-14BAE8"
"2E76B17A0F712728","","2026-01-11 13:09:51.105Z",  96757187, 867300000,0, 4,"CRC_OK" , 29,"LORA",125000,"SF7"   ,"4/5",-107, -2.2,"40BC7E4A-018027EE-08DBD92E-D8F1008C-503353AE-98C5C861-111416F4-91"
"2E76B17A0F712728","","2026-01-11 13:10:04.751Z", 110401020, 867500000,0, 5,"CRC_OK" , 29,"LORA",125000,"SF7"   ,"4/5",-105, -2.8,"40BC7E4A-018028EE-083343C4-3D8032CB-24FCCDEA-8F649106-65B974B7-4C"
"2E76B17A0F712728","","2026-01-11 13:10:18.395Z", 124046067, 867100000,0, 3,"CRC_OK" , 29,"LORA",125000,"SF7"   ,"4/5",-108, -2.5,"40BC7E4A-018029EE-087C860D-32E3A3BD-711794A1-E71783FC-F361BC18-B2"
"2E76B17A0F712728","","2026-01-11 13:10:18.498Z", 124148483, 867100000,0, 3,"CRC_OK" , 29,"LORA",125000,"SF7"   ,"4/5",-39,+10.2,"4085A895-00809304-02C1FBA3-35C4C95B-B3797465-6D1E002A-0814C172-E8"
"2E76B17A0F712728","","2026-01-11 13:10:32.024Z", 137673683, 867100000,0, 3,"CRC_OK" , 22,"LORA",125000,"SF7"   ,"4/5",-108, -2.2,"40BC7E4A-01802AEE-081E1F4F-277C3EDA-48AB22BB-37A6"
"2E76B17A0F712728","","2026-01-11 13:10:45.694Z", 151345219, 868300000,1, 1,"CRC_OK" , 35,"LORA",125000,"SF7"   ,"4/5",-106, -3.8,"40BC7E4A-01802BEE-0823B4F0-AACCCDAF-3AA2DB5B-20822A77-C8EE8B79-A662B802-0A96AB"
"2E76B17A0F712728","","2026-01-11 13:10:46.331Z", 151982132, 867700000,0, 6,"CRC_BAD",126,"LORA",125000,"SF7"   ,""   ,-107,-11.0,"1C6CF6CD-FAE1CA9E-ED700670-E4F7A768-00346B66-C9907111-702F7DDC-D49C0221-5DDF4C79-CD09A2CC-A8D6C5EB-3DAC9F46-43C7AC0F-8DC13339-BB78EA11-C353991A-47FAC0DA-0820009B-C6E8BB30-542229C4-97A1AE41-F76830C8-0F94A532-D1E18ABA-86ECECDE-D214E9D1-B7172623-BE81E1A5-7278EF7F-8C1DA63D-DCB07C4E-DAB8"
"2E76B17A0F712728","","2026-01-11 13:10:56.730Z", 162381043, 868500000,1, 2,"CRC_OK" ,151,"LORA",125000,"SF7"   ,"4/5",-34, +7.5,"40559CF2-01800D00-08CBB18F-3DA46276-52D74C3D-7BAF4515-858C09F3-8A656A54-C92B53FC-6463EB8C-BBA8E196-42FD1EDC-DA569B56-AFDBE4D1-EA861546-9E8BE377-A2B853AB-6665B8A0-7A572D64-9DD7BE82-E0D89090-BEE78077-5D1E8E2B-72C30210-A2641FDC-183080A5-1EB594D0-19D012FD-89359429-6C5DE085-A05CE673-348FEB20-7772809D-342A16F1-44C6C5AF-A0AC3840-5A477691-EF2A26"
"2E76B17A0F712728","","2026-01-11 13:10:59.353Z", 165003203, 868300000,1, 1,"CRC_OK" , 37,"LORA",125000,"SF7"   ,"4/5",-107, -3.8,"40BC7E4A-01802CEE-08E0D331-3912F0B3-00D59980-03067128-6FFA362D-4534F997-5B929F0A-71"
"2E76B17A0F712728","","2026-01-11 13:11:00.644Z", 166293243, 868100000,1, 0,"CRC_OK" , 22,"LORA",125000,"SF7"   ,"4/5",-46,+10.8,"80789ED8-008024B8-02D4DDA9-04D97B71-B100765E-9607"
"2E76B17A0F712728","","2026-01-11 13:11:13.004Z", 178656188, 867900000,0, 7,"CRC_OK" , 37,"LORA",125000,"SF7"   ,"4/5",-107, -2.0,"40BC7E4A-01802DEE-08C725AF-5B8F119C-699E8F7D-63DC534C-DB4B55D3-663003EB-448AB89E-BF"
"2E76B17A0F712728","","2026-01-11 13:11:23.480Z", 189129436, 867700000,0, 6,"CRC_BAD", 42,"LORA",125000,"SF7"   ,"2/3",-108,-11.2,"14E64C5A-F1B85DC7-CA5FA098-58A34671-EC56A951-8FB8B1E5-77AACDF2-1DEFF06D-0CFD77C6-A036CA49-B8B9"
"2E76B17A0F712728","","2026-01-11 13:11:26.649Z", 192301011, 868100000,1, 0,"CRC_OK" , 35,"LORA",125000,"SF7"   ,"4/5",-107, -2.8,"40BC7E4A-01802EEE-085EFAC1-542CABFB-5D330176-7FDCC6FF-38056B13-E852C64D-9C0C23"
"2E76B17A0F712728","","2026-01-11 13:11:40.309Z", 205958019, 867300000,0, 4,"CRC_OK" , 37,"LORA",125000,"SF7"   ,"4/5",-107, -1.8,"40BC7E4A-01802FEE-08309A5B-C4B77B17-7F72D33E-0E08F587-807B8F64-B80C7BF3-07CFBCE0-95"
"2E76B17A0F712728","","2026-01-11 13:11:53.961Z", 219611004, 867500000,0, 5,"CRC_OK" , 37,"LORA",125000,"SF7"   ,"4/5",-107, -3.2,"40BC7E4A-018030EE-08A4B4F6-5B9C9402-D1DE8E07-24587BC6-54AA2862-59AE1013-A385CBF8-52"
"2E76B17A0F712728","","2026-01-11 13:11:57.430Z", 223081372, 867700000,0, 6,"CRC_OK" ,151,"LORA",125000,"SF7"   ,"4/5",-32, +9.5,"40559CF2-01800E00-0837C5D2-1D3096A6-60D770D7-F15D5E28-CF2D7CC0-A5B0B514-47B38320-8C5DF369-61B3B1DB-431C1D38-F4EC5AE1-3FFAEAD1-DACB515C-0E1B020F-2D864979-C9366B4F-0B54FD02-4A6DB8CE-C1DBB06C-6F3526C6-9AB9E0A4-A16DF172-8D26A30A-35751A06-DA637736-26A39576-601F384E-BAF95C4C-9503F81F-CFE153B3-2634AF53-1C9DF60C-05D17CE8-99E78FA5-FDF0CB60-2C40BD"
"2E76B17A0F712728","","2026-01-11 13:12:07.607Z", 233256795, 868500000,1, 2,"CRC_OK" , 35,"LORA",125000,"SF7"   ,"4/5",-106, -4.2,"40BC7E4A-018031EE-083C3A07-C395139B-30AFBC94-1047FBFD-B3362E20-FA50AF50-ADF08D"
"2E76B17A0F712728","","2026-01-11 13:12:21.264Z", 246914907, 867300000,0, 4,"CRC_OK" , 37,"LORA",125000,"SF7"   ,"4/5",-106, -2.8,"40BC7E4A-018032EE-08A29FA2-63BFBF9C-5801B333-CF4250D8-60D51938-56D19F7F-57FFD72C-80"
"2E76B17A0F712728","","2026-01-11 13:12:21.897Z", 247549211, 868100000,1, 0,"CRC_OK" , 18,"LORA",125000,"SF7"   ,"4/5",-35, +9.0,"40559CF2-01800F00-081218CC-CC669667-35E7"
"2E76B17A0F712728","","2026-01-11 13:12:34.918Z", 260567891, 868300000,1, 1,"CRC_OK" , 37,"LORA",125000,"SF7"   ,"4/5",-107, -4.0,"40BC7E4A-018033EE-089DFB47-9A79DE30-3FEDAFA9-69554377-F19AD356-0ED7E4F7-5DAF721A-D9"
"2E76B17A0F712728","","2026-01-11 13:12:39.470Z", 265094620, 867100000,0, 3,"CRC_OK" , 57,"LORA",125000,"SF12"  ,"4/5",-95, +6.5,"40C3DB89-00800000-08ADE306-FB75AE2F-1B865B4A-A89DA5BB-FE44AFBA-C9F563F3-3C5EFEAC-89D03B82-CB85F227-5DC7E156-CE79B14F-15390067-8A"
"2E76B17A0F712728","","2026-01-11 13:12:41.790Z", 267413516, 867900000,0, 7,"CRC_OK" , 18,"LORA",125000,"SF12"  ,"4/5",-83, +7.8,"60C3DB89-00860000-0351FF00-010634E3-3882"
"2E76B17A0F712728","","2026-01-11 13:12:48.565Z", 274214667, 868300000,1, 1,"CRC_BAD", 35,"LORA",125000,"SF7"   ,"4/5",-107, -3.8,"40BC7E4A-018034EE-08665EC3-E9BE2303-92CB73BD-783F5163-DCB1CB66-AE42E97E-48A3B7"
"2E76B17A0F712728","","2026-01-11 13:12:51.315Z", 276965000, 868300000,1, 8,"CRC_BAD", 82,"LORA",250000,"SF7"   ,"4/5",-104,-11.2,"07C32BE4-DF8B99CB-FDEC12FC-149D55F2-9EC1135A-DC180E0E-0EC5287F-3BAFDF0E-3099A0E4-8D088C6B-A35D6509-B43AD530-A826CA2B-32E00B70-C0E47C30-B09F08F2-32CD930E-F2C5E2C2-30E266A7-945F5A33-AFF7"
"2E76B17A0F712728","","2026-01-11 13:12:52.182Z", 277833644, 868300000,1, 8,"CRC_BAD",208,"LORA",250000,"SF7"   ,""   ,-105,-12.2,"F2BA3862-32C3FC99-2B612CD9-A672EFE3-E9DE35FA-52AF3419-2293818C-7DEAF38A-EC695D24-D6819C12-AB231854-5DE70169-BDC5E24F-082A7E30-42EDF1CE-336F0FE9-6579AC19-EA787280-5CF31F87-A68E5C3E-B39F9F62-13929490-8AFB703F-7FB6A37E-0ABB0BB4-74CA524A-5BDFEFAD-9D62989E-E3386217-FDE52345-C0F66218-39CD4F03-2246A41B-03B659CB-C47888C9-B9BB6155-61409368-D7EDC693-38173305-3F193D57-96500D26-95884CA3-7644821D-FE4CC7D5-A8C605DE-4A29CE4C-8F773093-A786BD15-791194F1-5E8E5778-6C6F49A4-0CDD0785"
"2E76B17A0F712728","","2026-01-11 13:12:54.258Z", 279909499, 868100000,1, 0,"CRC_BAD", 44,"LORA",125000,"SF7"   ,"1/2",-109,-12.0,"CB5332DD-73A03A6C-75D7F5DD-8DE23878-FEE411DC-0A44DCCB-05B83534-A5AFA946-EF0D2B95-64796BD9-433F26E8"
"2E76B17A0F712728","","2026-01-11 13:13:02.222Z", 287872764, 867900000,0, 7,"CRC_OK" , 37,"LORA",125000,"SF7"   ,"4/5",-107, -2.5,"40BC7E4A-018035EE-08106E71-02437612-35E6A63A-43116EFD-44F4005C-F6874E2E-BDD5B29E-E7"
"2E76B17A0F712728","","2026-01-11 13:13:15.873Z",   4053964, 867900000,0, 7,"CRC_OK" , 37,"LORA",125000,"SF7"   ,"4/5",-107, -3.8,"40BC7E4A-018036EE-08B8B4B6-531C13AA-B0054BF3-3511F8A0-23A79BC7-3F3E17C8-9B8F15EA-CD"
"2E76B17A0F712728","","2026-01-11 13:13:43.178Z",  31357868, 867500000,0, 5,"CRC_OK" , 37,"LORA",125000,"SF7"   ,"4/5",-107, -2.8,"40BC7E4A-018038EE-0811556E-3A855EB2-8EEB20AE-CF9604F1-E577AFBC-46957287-AE3F4F29-2C"
"2E76B17A0F712728","","2026-01-11 13:13:56.831Z",  45010851, 868500000,1, 2,"CRC_OK" , 37,"LORA",125000,"SF7"   ,"4/5",-105, -4.2,"40BC7E4A-018039EE-088ABDDF-6DA44294-ECE16C6D-F6107AB0-AD637BD0-73B3A707-4031A87B-C6"
"2E76B17A0F712728","","2026-01-11 13:13:58.462Z",  46615284, 867900000,0, 7,"CRC_OK" , 57,"LORA",125000,"SF12"  ,"4/5",-96, +7.2,"40629158-01800000-0877CB79-82CAA1E6-CCC4CAEE-3C904B14-5D27D382-3C679027-3ADFCA09-D78B3A23-F81CAAC9-502E2293-76ADCD11-56F54D2D-3F"
"2E76B17A0F712728","","2026-01-11 13:14:24.113Z",  72292435, 868300000,1, 1,"CRC_OK" , 30,"LORA",125000,"SF7"   ,"4/5",-107, -4.0,"40BC7E4A-01803BEE-08E33CD9-851B1BE5-1C157043-B3655D3A-1C3484F1-8F5C"
"2E76B17A0F712728","","2026-01-11 13:14:37.742Z",  85923203, 868500000,1, 2,"CRC_OK" , 26,"LORA",125000,"SF7"   ,"4/5",-107, -3.8,"40BC7E4A-01803CEE-0814BE4C-27A9F86A-52BF46BD-E8F68751-0A2F"
"2E76B17A0F712728","","2026-01-11 13:14:51.410Z",  99588516, 867900000,0, 7,"CRC_OK" , 35,"LORA",125000,"SF7"   ,"4/5",-108, -2.8,"40BC7E4A-01C03DEE-08E529BB-E972B1FA-1BFF2EF0-55DB49F8-440BD0AF-009BA0A9-F0863E"
"2E76B17A0F712728","","2026-01-11 13:15:03.288Z", 111468804, 867900000,0, 7,"CRC_OK" , 45,"LORA",125000,"SF7"   ,"4/5",-107, -2.0,"40BC7E4A-01863EEE-07030703-07030809-E259BC92-DC2FACF9-A2A8CB53-19791769-C964E52E-E950F00D-C6A49EBE-BB"
"2E76B17A0F712728","","2026-01-11 13:15:15.160Z", 123340787, 867300000,0, 4,"CRC_OK" , 45,"LORA",125000,"SF7"   ,"4/5",-107, -2.2,"40BC7E4A-01843FEE-07030703-088C8AB9-7DFF68E6-ECDA9B6A-5E04CCEC-D00306D3-1D2E3EDB-D4F5C833-325BD31A-F2"
"2E76B17A0F712728","","2026-01-11 13:15:56.152Z", 164331723, 867100000,0, 3,"CRC_OK" , 49,"LORA",125000,"SF7"   ,"4/5",-107, -2.8,"40BC7E4A-018042EE-08246940-BD696D0E-D3D8F5F5-0D698009-F3C2D609-B56E0426-122F19C4-90149EE4-29200A15-11A55937-19"
"2E76B17A0F712728","","2026-01-11 13:15:56.591Z", 164769331, 867300000,0, 4,"CRC_OK" , 22,"LORA",125000,"SF7"   ,"4/5",-45, +9.8,"80789ED8-008025B8-02B0EAA0-EA890088-938952A3-BFB2"
"2E76B17A0F712728","","2026-01-11 13:15:57.631Z", 165810532, 867700000,0, 6,"CRC_OK" , 12,"LORA",125000,"SF7"   ,"4/5",-87, +6.0,"60789ED8-00A0FDB3-4A21D0F6"
"2E76B17A0F712728","","2026-01-11 13:16:09.817Z", 177996675, 868100000,1, 0,"CRC_OK" , 49,"LORA",125000,"SF7"   ,"4/5",-108, -3.2,"40BC7E4A-018043EE-087AAC04-51BC9A79-FC4300DB-AF325B1B-41A4C0D9-E8A8E477-833493F0-5CDE3663-807B223D-143EA715-14"
"2E76B17A0F712728","","2026-01-11 13:16:26.609Z", 194789323, 868100000,1, 0,"CRC_BAD",169,"LORA",125000,"SF7"   ,"4/7",-109,-11.8,"689FEA06-A98F475D-6CDA4671-DE90E887-6C8111B2-58D8FF49-5D16B38F-A1D46907-F73C6569-F595B8E0-9C98433B-F65FC493-CADAA70B-02D70E23-6C8BD310-84BC4691-7C30D040-E32F580B-C649B998-504E7577-2FFD35AA-167E79AD-08B34EA5-BE7E2CF0-3B935842-A75E3F7C-3A6CDB32-547E8DC0-498F655A-0A86B76F-58F88394-F9D77806-457DA22D-3DA82CF2-92695E7E-E44D4C7A-8DD95302-61ECCCCD-83B12426-DC9F8241-156D7CCA-63AA7BD6-F9"
"2E76B17A0F712728","","2026-01-11 13:16:37.092Z",   5367236, 867700000,0, 6,"CRC_OK" , 36,"LORA",125000,"SF7"   ,"4/5",-105, -2.8,"40BC7E4A-018045EE-084A190D-DABD6240-21E36266-EE9614D8-37CD8CE6-F835C451-A260EA23"
"2E76B17A0F712728","","2026-01-11 13:17:04.455Z",  32732787, 867300000,0, 4,"CRC_OK" , 53,"LORA",125000,"SF7"   ,"4/5",-105, -2.2,"40BC7E4A-018047EE-0860E05D-A27F2CCD-C3AB01CD-E6E11D91-7EA19D69-540D4E0B-95750BCD-7BD71852-470465CC-BF182621-C8850CB1-31"
"2E76B17A0F712728","","2026-01-11 13:18:12.813Z", 101086515, 867100000,0, 3,"CRC_BAD", 90,"LORA",125000,"SF7"   ,"1/2",-109,-12.0,"BFEF1403-C0AECC73-1E5AD76B-281D9354-CE0E901B-4D9ECE32-0E15C384-66F02441-FAE90B5C-F35FCC09-D742B8BC-4FA80485-DFB7F6FC-0CD149EF-7B8CE69F-25AC62E9-8AF161BB-00B4030A-23045040-FD166986-B40EFDAB-DAB19EB7-FE23"
"2E76B17A0F712728","","2026-01-11 13:18:53.678Z", 141956323, 867300000,0, 4,"CRC_OK" , 54,"LORA",125000,"SF7"   ,"4/5",-106, -3.2,"40BC7E4A-01804FEE-0825C5E3-2E125070-B445C916-84075DDC-15C1B86D-0AC48EEF-D4796196-A2F5CC28-87B2AA93-F703557A-BE22130A-087D"
"2E76B17A0F712728","","2026-01-11 13:19:07.279Z", 155556212, 867500000,0, 5,"CRC_OK" , 25,"LORA",125000,"SF7"   ,"4/5",-105, -2.8,"40BC7E4A-018050EE-08818C01-F4FA322E-154F3E01-A214F766-BB"
"2E76B17A0F712728","","2026-01-11 13:20:01.969Z", 210247011, 868300000,1, 1,"CRC_OK" , 54,"LORA",125000,"SF7"   ,"4/5",-107, -4.5,"40BC7E4A-018054EE-0892836E-24684A0E-74708237-6FBCD849-515BB55B-13D6761F-5C55F139-0955EF1E-E96FEC71-69773216-3F012F6E-BE2E"
"2E76B17A0F712728","","2026-01-11 13:20:15.639Z", 223915988, 867900000,0, 7,"CRC_OK" , 54,"LORA",125000,"SF7"   ,"4/5",-106, -2.2,"40BC7E4A-018055EE-08E738B7-998523E0-62AF0F13-62EC20CA-6F35B216-CEE67FB7-BA68EB63-EFC1D2A1-CCFE4C2D-260C3A20-56CC7B81-FF49"
"2E76B17A0F712728","","2026-01-11 13:20:29.244Z", 237523075, 868100000,1, 0,"CRC_OK" , 27,"LORA",125000,"SF7"   ,"4/5",-108, -2.5,"40BC7E4A-018056EE-08184F35-80EC7CDA-22CDDACE-53960425-BB2E86"
"2E76B17A0F712728","","2026-01-11 13:20:29.607Z", 237886980, 867900000,0, 7,"CRC_BAD", 31,"LORA",125000,"SF7"   ,""   ,-109,-11.2,"6E602110-FDF80229-2B9E5685-18359034-978C3FCC-5D708628-36996059-3410AF"
"2E76B17A0F712728","","2026-01-11 13:20:42.886Z", 251164964, 867500000,0, 5,"CRC_OK" , 27,"LORA",125000,"SF7"   ,"4/5",-107, -3.2,"40BC7E4A-018057EE-08BC8B5C-5315C70C-740D4DDC-D76D0781-4322E3"
"2E76B17A0F712728","","2026-01-11 13:20:47.107Z", 255387755, 867300000,0, 4,"CRC_BAD", 66,"LORA",125000,"SF7"   ,"2/3",-108,-11.8,"02C6EE98-2CDD4324-20A0D3AC-2B19BBF4-43B87432-D8E1609A-D5111E27-95952D9D-B9E610FA-D868D176-0CCE6921-E1229117-8313E0A5-76D46599-74A02BC1-9770D1CA-D6AC"
"2E76B17A0F712728","","2026-01-11 13:20:56.527Z", 264807940, 867500000,0, 5,"CRC_OK" , 27,"LORA",125000,"SF7"   ,"4/5",-106, -3.5,"40BC7E4A-018058EE-08E2C7CC-C2AA1EA3-5348ADAA-2CED5033-D270A5"
"2E76B17A0F712728","","2026-01-11 13:21:06.530Z", 274809259, 867100000,0, 3,"CRC_OK" , 22,"LORA",125000,"SF7"   ,"4/5",-45,+10.0,"80789ED8-008026B8-0260DF64-ACC44258-6C3F8255-BEAB"
"2E76B17A0F712728","","2026-01-11 13:21:07.570Z", 275850460, 867900000,0, 7,"CRC_OK" , 12,"LORA",125000,"SF7"   ,"4/5",-95, +4.5,"60789ED8-00A0FEB3-7F6D18EF"
"2E76B17A0F712728","","2026-01-11 13:22:04.801Z", 333081556, 867900000,0, 7,"CRC_OK" , 54,"LORA",125000,"SF7"   ,"4/5",-108, -3.2,"40BC7E4A-01805DEE-0884A3F2-5A578334-16486811-3864B0BD-897F6798-27A2E078-4E3DD4A7-F80D72BB-932737DB-4946ABD5-60F8D623-EE7D"
"2E76B17A0F712728","","2026-01-11 13:22:59.450Z",  13972515, 868500000,1, 2,"CRC_OK" , 54,"LORA",125000,"SF7"   ,"4/5",-107, -4.5,"40BC7E4A-018061EE-08B5F095-9680794D-D36114B4-4E02BA75-0968D9B6-EECA98E5-8D1B946B-F069842D-99B1D14A-0EDEB39C-FEC7BB32-0BE2"
"2E76B17A0F712728","","2026-01-11 13:23:14.127Z",  28650020, 867500000,0, 5,"CRC_OK" , 18,"LORA",125000,"SF7"   ,"4/5",-31, +7.5,"40559CF2-01801000-0832ECF3-6A336C0A-51CC"
"2E76B17A0F712728","","2026-01-11 13:23:26.759Z",  41282395, 868300000,1, 1,"CRC_OK" , 54,"LORA",125000,"SF7"   ,"4/5",-107, -3.2,"40BC7E4A-018063EE-08A9F090-B474F4F7-3AC94674-471F5303-3D54A000-0E671022-8F48067E-9361DC9B-523A59F5-918DB480-F03702EC-1411"
"2E76B17A0F712728","","2026-01-11 13:39:16.609Z",   9392419, 868300000,1, 1,"CRC_OK" , 54,"LORA",125000,"SF7"   ,"4/5",-107, -3.5,"40BC7E4A-0180A4EE-083625CB-631E8629-39D55A04-A1CB5D40-88D4514E-AA6A4704-A18D8F73-D5AD6EDE-50C196BB-F679C2D0-4C974117-556C"
"2E76B17A0F712728","","2026-01-11 13:40:38.562Z",  15517979, 867100000,0, 3,"CRC_OK" , 54,"LORA",125000,"SF7"   ,"4/5",-107, -2.5,"40BC7E4A-0180AAEE-08F9F563-A98D2066-CAB39660-484CFFD4-AD05F7C5-11BFE84F-022F3EFC-2981F172-869BD6E4-15888E62-F1102EEE-EC38"
"2E76B17A0F712728","","2026-01-11 13:40:49.980Z",  26934580, 867900000,0, 7,"CRC_BAD",235,"LORA",125000,"SF7"   ,"4/5",-108,-11.5,"3367325C-CF353F05-F8D206AA-2BB6DB01-2E59AA90-F35AA674-DE9C54F0-FD82DE5B-9BE65B70-D50A1F1B-A35297E7-1EBB8B22-7CDF1F21-0A854FCD-DB943F82-67ACE105-D5AC5EED-41B68F50-C301E1EB-1A1980F1-DD043C10-7AF55253-9AC941D0-C9940886-97D1A7C0-7FF85963-A6C7270D-7E9D23A4-5995F34E-032A3C43-72C9228C-23188A79-6ECBCF63-2BFD0577-8BAABD7B-074014B5-642B9563-B80F5DA8-D3521239-D7B6FB63-B91FA3A5-CCB774FC-5BC1F925-720BD9FE-31D29C7E-42FCA488-335B6A75-C3E39DA4-57248CCA-B594EDC9-A1E0D798-9BC3D2CF-B6E38F07-F9BFD5D2-69A2BF3D-DC82013B-545B3E45-6AF39259-6F00C1"
"2E76B17A0F712728","","2026-01-11 13:41:02.602Z",  39552900, 867900000,0, 7,"CRC_BAD",164,"LORA",125000,"SF7"   ,"4/5",-109,-11.0,"B06AB7ED-1608AAE9-CE953B5C-DF690232-FC44B0C9-09F62471-66B1A113-46574A23-11D65817-35D21BF8-A9AEF928-5C6F5C92-3570BE3F-05A16A7B-48E8BFAF-F2C36684-E1062F06-2EFD7BC5-310221D8-41051D84-0FD43486-55154EE6-186C87BD-0E321CC8-3BCBB78F-8BCA3FF6-57328383-90F7A74F-FAF12C24-CDF7F215-5713686F-06AA3A96-476A106E-C0B45366-735BDEFD-2178EF5A-092101F1-3A172D48-A168E6B5-919C56D1-0DD71519"
"2E76B17A0F712728","","2026-01-11 13:41:05.786Z",  42742427, 868300000,1, 1,"CRC_OK" , 15,"LORA",125000,"SF7"   ,"4/5",-107, -3.8,"40BC7E4A-0180ACEE-08A9F431-5E0CA0"
"2E76B17A0F712728","","2026-01-11 13:41:06.333Z",  43289724, 867900000,0, 7,"CRC_OK" , 22,"LORA",125000,"SF7"   ,"4/5",-45, +9.8,"80789ED8-00802AB8-0221BC85-630FC40E-91C74316-94E0"
"2E76B17A0F712728","","2026-01-11 13:42:39.031Z", 135985572, 867900000,0, 7,"CRC_OK" , 29,"LORA",125000,"SF7"   ,"4/5",-107, -3.5,"40BC7E4A-0180AEEE-08681A16-D83F28D5-E0F67E41-0C04E291-F2F02A2B-0B"
"2E76B17A0F712728","","2026-01-11 13:42:57.020Z", 153973956, 868300000,1, 8,"CRC_BAD",147,"LORA",250000,"SF7"   ,"2/3",-104,-12.5,"987BD885-7BBA0B8C-AB5336EE-330E5535-1D099C5D-17414176-B7B77FFC-28BA52C3-99242D86-F7B58C30-62CB9729-104DB549-32747901-5E45D711-97D6226F-37345F68-14AFFA01-482BC761-8CD65192-F45BBCE1-956B6BB1-D7A0FCF5-E985BB03-F82B7A82-7CABF08D-36A3626F-3F41ACA4-F392063C-55450D89-79AC13EF-643A75AB-14DD84C4-E3FF23CB-F5EEC730-E9B2BC84-2FF44A5A-4B763F"
"2E76B17A0F712728","","2026-01-11 13:44:41.888Z", 258840355, 867300000,0, 4,"CRC_OK" , 35,"LORA",125000,"SF7"   ,"4/5",-106, -3.0,"40BC7E4A-0180B7EE-08D47D85-F9D039C5-0D39F8EC-803772B3-8224E79B-D0F7B71D-CEB72A"
"2E76B17A0F712728","","2026-01-11 13:44:55.544Z", 272499452, 867500000,0, 5,"CRC_OK" , 37,"LORA",125000,"SF7"   ,"4/5",-105, -3.0,"40BC7E4A-0180B8EE-08943140-7BA0C296-D5346576-F69D8277-0096688C-08A890C9-C329A073-D4"
"2E76B17A0F712728","","2026-01-11 13:45:16.118Z", 293073716, 867500000,0, 5,"CRC_OK" , 29,"LORA",125000,"SF7"   ,"4/5",-35, +8.0,"4085A895-00809A04-020B1513-C51A52D1-46FB632A-B3F04967-C9030A9D-07"
"2E76B17A0F712728","","2026-01-11 13:45:21.021Z", 297976075, 867100000,0, 3,"CRC_OK" , 24,"LORA",125000,"SF7"   ,"4/5",-33, +8.8,"40559CF2-01801200-08303E22-8A6EAD48-AC8D33AF-EEF2FFF8"
"2E76B17A0F712728","","2026-01-11 13:45:32.716Z", 309670995, 867100000,0, 3,"CRC_OK" , 24,"LORA",125000,"SF7"   ,"4/5",-33,+10.0,"40559CF2-01801300-08F4BD0E-1A98CEA0-6F6D9C52-0584D260"
"2E76B17A0F712728","","2026-01-11 13:45:36.501Z", 313456227, 868300000,1, 1,"CRC_OK" , 37,"LORA",125000,"SF7"   ,"4/5",-106, -4.0,"40BC7E4A-0180BBEE-086AF8F9-865F245F-029BB29B-153FF2EC-63A2E39F-C78786F1-8B0DB15A-79"
"2E76B17A0F712728","","2026-01-11 13:46:05.326Z", 342278203, 867100000,0, 3,"CRC_OK" , 12,"LORA",125000,"SF7"   ,"4/5",-87, +8.8,"60789ED8-00A003B4-2D308579"
"2E76B17A0F712728","","2026-01-11 13:47:10.241Z", 407195595, 867300000,0, 4,"CRC_OK" , 32,"LORA",125000,"SF7"   ,"4/5",-106, -2.2,"40BC7E4A-0186C2EE-07030703-070308E4-FDC71C3E-029D4C52-F1A81453-0DB91870"
"2E76B17A0F712728","","2026-01-11 13:47:22.097Z", 419052811, 868300000,1, 1,"CRC_OK" , 39,"LORA",125000,"SF7"   ,"4/5",-108, -3.0,"40BC7E4A-0184C3EE-07030703-08B56C2B-1F85994B-6215B838-BB36195F-131EDBC1-38A83724-79800C"
"2E76B17A0F712728","","2026-01-11 13:47:35.754Z", 432708723, 868500000,1, 2,"CRC_OK" , 39,"LORA",125000,"SF7"   ,"4/5",-106, -3.5,"40BC7E4A-0180C4EE-08813AED-6630E0D7-D01D409C-C059A59D-5482E127-DFB18784-F636A13D-A5CA78"
"2E76B17A0F712728","","2026-01-11 13:47:57.373Z", 454327387, 868500000,1, 2,"CRC_BAD", 72,"LORA",125000,"SF7"   ,"1/2",-107,-11.8,"1F609F08-CEDE5D86-A6269630-7DFD7456-EDC94700-6DC52B73-56EBBB66-717B91CE-64687A1B-722BE7BA-41C28079-02BA23B6-05DADB84-88130453-2B442259-B79116A9-10326571-A454A93F"
"2E76B17A0F712728","","2026-01-11 13:49:05.531Z", 522482688, 868300000,1, 8,"CRC_BAD",232,"LORA",250000,"SF7"   ,""   ,-103,-11.8,"04B4F6FA-31949990-5C396AA9-AA874B31-CBA70C07-D1B64072-B5FEE74F-4873827C-92CB2DDF-E6C43527-BE429CC7-F13A82BA-88E1E996-3CF3B245-EAF77AE8-2FC0ED2E-3D5976A2-A1F72124-D4C59013-5317257D-86412E21-785454E2-B2280800-223E71EB-07B21709-CE532BBA-25B108BA-FAFF9B0C-7D6DEBD7-BD91B90C-DAD78CED-DB7A9ADC-D3643EAC-B8397328-256A9FD6-BEA98C7C-DF33B4B2-A33E5ABF-1D0A8AAA-02ED0B25-39955055-D039341A-C33BC529-6C74ACC9-6E0EADCB-ABE3685D-2D695664-7F6FEF8D-A933A04D-6A0C87D8-62D06884-E2832BA5-F733FF83-381AAB60-69F74EC1-42410F1A-2F3CB197-B9E28C44"
"2E76B17A0F712728","","2026-01-11 13:50:06.003Z", 582955780, 867500000,0, 5,"CRC_OK" , 29,"LORA",125000,"SF7"   ,"4/5",-105, -2.8,"40BC7E4A-0180CFEE-08F28450-9A9F5943-11EDC3A2-F35B634B-33D7043E-9B"
"2E76B17A0F712728","","2026-01-11 13:50:33.295Z", 610247603, 867100000,0, 3,"CRC_OK" , 29,"LORA",125000,"SF7"   ,"4/5",-107, -3.5,"40BC7E4A-0180D1EE-08CB589F-D5769EB8-31D5B581-7FF4E088-0F4B1CF8-E0"
"2E76B17A0F712728","","2026-01-11 13:51:00.574Z", 637528427, 868300000,1, 1,"CRC_OK" , 25,"LORA",125000,"SF7"   ,"4/5",-107, -3.0,"40BC7E4A-0180D3EE-0854926F-521523D2-592D8493-B53B0971-22"
"2E76B17A0F712728","","2026-01-11 13:51:14.286Z", 651240363, 868300000,1, 1,"CRC_OK" , 54,"LORA",125000,"SF7"   ,"4/5",-106, -3.8,"40BC7E4A-0180D4EE-08494086-88A67E09-26760EF4-B502F122-86C029F4-63C676C6-F411C476-ADDA140E-DFACFC48-078707F7-F2FE3C5F-AA12"
"2E76B17A0F712728","","2026-01-11 13:51:38.887Z", 675814972, 868500000,1, 2,"CRC_OK" , 23,"LORA",125000,"SF12"  ,"4/5",-90, +6.2,"00060000-00000000-80094B30-3220F1F7-2C28DF87-7AD8AF"
"2E76B17A0F712728","","2026-01-11 13:51:53.208Z", 690149340, 868100000,1, 0,"CRC_OK" , 23,"LORA",125000,"SF11"  ,"4/5",-99,+10.5,"00060000-00000000-80094B30-3220F1F7-2C995ED0-6C38C9"
"2E76B17A0F712728","","2026-01-11 13:51:55.268Z", 692222163, 867300000,0, 4,"CRC_OK" , 54,"LORA",125000,"SF7"   ,"4/5",-107, -2.5,"40BC7E4A-0180D7EE-082BB3DE-9AFE68F6-8563F125-0B2BD5D7-BDC402B3-11D3F5D1-0AF079F9-5A1E8844-771EE1E2-9217BBC0-D3EEEAA5-E682"
"2E76B17A0F712728","","2026-01-11 13:51:57.598Z", 694552299, 868100000,1, 0,"CRC_BAD",171,"LORA",125000,"SF7"   ,"2/3",-109,-11.8,"5C491908-DC97CA4B-DBD40DC8-BAABF17C-09283A60-2C08BF0B-2A31B3CD-4876A1F6-75BECB43-26D153A4-3A9C969E-BCB63B3F-2A3FC6CD-AA932331-CEBA2D68-D6FFA38A-BB9F43FB-EB64B386-514E8029-3E2C0199-A0BF0D64-5F166EC6-15662B07-3F802A2D-5C636064-A85D81C3-CCF0D461-1859B4B1-13D2702E-0F8E92C7-1CF15632-D526A800-14CD8A6A-544ED95E-EEED4FF5-C2110C86-AB19450F-D4E8C1F0-6E46F540-6FA4A3C6-184B18A4-569B54BA-FDA01C"
"2E76B17A0F712728","","2026-01-11 13:52:22.539Z", 719494067, 868500000,1, 2,"CRC_OK" , 25,"LORA",125000,"SF7"   ,"4/5",-106, -3.8,"40BC7E4A-0180D9EE-08AD3E64-797985CD-0B69D570-83AE6259-EF"
"2E76B17A0F712728","","2026-01-11 13:52:24.607Z", 721558596, 868300000,1, 1,"CRC_OK" , 23,"LORA",125000,"SF9"   ,"4/5",-95,+10.0,"00060000-00000000-80094B30-3220F1F7-2C94E3C8-5AB142"
"2E76B17A0F712728","","2026-01-11 13:52:56.487Z", 753441195, 868300000,1, 1,"CRC_OK" , 23,"LORA",125000,"SF7"   ,"4/5",-94, +7.2,"00060000-00000000-80094B30-3220F1F7-2C8F5AE3-660FE1"
"2E76B17A0F712728","","2026-01-11 13:53:03.531Z", 760485987, 868300000,1, 1,"CRC_OK" , 27,"LORA",125000,"SF7"   ,"4/5",-106, -3.2,"40BC7E4A-0180DCEE-080AEA7D-F5EA8E62-DA91365A-CE222DB0-5E7B25"
"2E76B17A0F712728","","2026-01-11 13:53:04.964Z", 761919148, 867500000,0, 5,"CRC_BAD", 97,"LORA",125000,"SF7"   ,"2/3",-107,-11.8,"B8C6FF5D-2BFB8EFF-6B452F69-9A1159E2-BBA88D45-DBAB767E-1D8800AF-7327C5EE-A9875B79-D073101B-6F26808F-B27CDCED-F26E477F-910BD7A8-9097ADBF-79FDE899-D7FE52AD-0CA91151-1D4929FD-D5239D34-D90D0486-D1D426D6-E8C4F3CB-E9AE5D9A-0E"
"2E76B17A0F712728","","2026-01-11 13:53:44.462Z", 801415772, 867500000,0, 5,"CRC_OK" , 27,"LORA",125000,"SF7"   ,"4/5",-107, -2.8,"40BC7E4A-0180DFEE-08AA6ACA-01D9EA3B-A72C64C0-D7AE73BF-2A121F"
"2E76B17A0F712728","","2026-01-11 13:54:11.747Z", 828701731, 867100000,0, 3,"CRC_OK" , 27,"LORA",125000,"SF7"   ,"4/5",-108, -2.5,"40BC7E4A-0180E1EE-08D14E0C-5B922A28-3DB3FAAA-9C8F5CA2-8D8473"
"2E76B17A0F712728","","2026-01-11 13:54:25.382Z", 842337507, 867100000,0, 3,"CRC_OK" , 24,"LORA",125000,"SF7"   ,"4/5",-106, -1.8,"40BC7E4A-0180E2EE-08337A57-CD2AFD35-D5AF943B-6FA012DD"
"2E76B17A0F712728","","2026-01-11 13:55:00.140Z", 877095148, 867700000,0, 6,"CRC_BAD", 84,"LORA",125000,"SF7"   ,"4/7",-108,-10.8,"4AC5BA5C-C9677C7E-3440120E-58FD521E-21B91A70-33E95F65-DE4CCCBB-4F33A799-F0CD03B7-A47E9CC4-96B26513-7448BF19-A3F1D990-79A1AABC-C68D4DC2-10CF678E-A9765898-B0006A64-D4E2D61A-0E235E21-BCC42029"
"2E76B17A0F712728","","2026-01-11 13:55:33.750Z", 910703276, 867500000,0, 5,"CRC_OK" , 54,"LORA",125000,"SF7"   ,"4/5",-107, -3.2,"40BC7E4A-0180E7EE-08357E84-5A8D734A-5E3778C4-BF9EDD4E-FC5CA1A5-5D09B3B0-22610EA4-0552A173-4AC9D44F-07FD74D5-7C8A7A1E-DB52"
"2E76B17A0F712728","","2026-01-11 13:55:47.347Z", 924302180, 867500000,0, 5,"CRC_OK" , 24,"LORA",125000,"SF7"   ,"4/5",-106, -2.5,"40BC7E4A-0180E8EE-08BEACC2-3555DF1D-6F770E48-D6B6C557"
"2E76B17A0F712728","","2026-01-11 13:56:28.332Z", 965285067, 868100000,1, 0,"CRC_OK" , 24,"LORA",125000,"SF7"   ,"4/5",-108, -2.2,"40BC7E4A-0180EBEE-083E0DFE-3CF2ABF5-3E875DE4-6A392B50"
"2E76B17A0F712728","","2026-01-11 13:57:09.348Z",1006303331, 868100000,1, 0,"CRC_OK" , 37,"LORA",125000,"SF7"   ,"4/5",-108, -2.8,"40BC7E4A-0180EEEE-081CA0B3-A3D5D529-11D73FFA-3445E8CD-49B5D05B-7DA2644C-40D4DFAF-5C"
"2E76B17A0F712728","","2026-01-11 13:57:22.943Z",1019898348, 867500000,0, 5,"CRC_OK" , 15,"LORA",125000,"SF7"   ,"4/5",-105, -3.0,"40BC7E4A-0180EFEE-08784805-23DDA9"
"2E76B17A0F712728","","2026-01-11 13:59:09.842Z",1126797507, 867100000,0, 3,"CRC_OK" , 29,"LORA",125000,"SF7"   ,"4/5",-108, -1.8,"40BC7E4A-0180F2EE-08003A48-385CD8C2-A12BA2E2-66034302-1537DD9D-4A"
"2E76B17A0F712728","","2026-01-11 14:00:45.420Z",1222377451, 868500000,1, 2,"CRC_OK" , 37,"LORA",125000,"SF7"   ,"4/5",-107, -4.2,"40BC7E4A-0180F9EE-0804750A-5B00528B-9A6118E3-C4CC7DFA-BEC1154C-A5FBCD08-FE096AFA-25"
"2E76B17A0F712728","","2026-01-11 14:01:26.384Z",1263340315, 868500000,1, 2,"CRC_OK" , 37,"LORA",125000,"SF7"   ,"4/5",-107, -4.0,"40BC7E4A-0180FCEE-08884F8F-3C169EB7-229C21A6-DD785FCC-49676411-38EFC246-D02CB42E-2E"
"2E76B17A0F712728","","2026-01-11 14:02:07.348Z",1304303059, 867300000,0, 4,"CRC_OK" , 37,"LORA",125000,"SF7"   ,"4/5",-107, -2.0,"40BC7E4A-0180FFEE-08E978B3-93230C0E-97136C32-8743B5D8-FA7872B7-9274076C-B62A6EBC-89"
"2E76B17A0F712728","","2026-01-11 14:02:48.311Z",1345265923, 867100000,0, 3,"CRC_OK" , 37,"LORA",125000,"SF7"   ,"4/5",-107, -2.0,"40BC7E4A-018002EF-088222B8-5BC737B4-7FB70ADD-304C87E5-D3A69366-5BDB4909-08F29CD7-75"
"2E76B17A0F712728","","2026-01-11 14:03:13.806Z",1370760731, 868300000,1, 1,"CRC_OK" , 36,"LORA",125000,"SF7"   ,"4/5",-105, -3.8,"40BC7E4A-018604EF-07030703-07030841-EDCB9E0C-FBA8B4A7-F99D0C8E-C9CEED94-A6F85570"
"2E76B17A0F712728","","2026-01-11 14:03:52.966Z",1409919644, 867500000,0, 5,"CRC_OK" , 39,"LORA",125000,"SF7"   ,"4/5",-105, -2.8,"40BC7E4A-018007EF-08B6C9F4-2B3FBB72-B6BF7195-68AFE95A-4AE905BF-54DB5F39-A3481E0A-672C39"
"2E76B17A0F712728","","2026-01-11 14:04:06.629Z",1423581660, 867700000,0, 6,"CRC_OK" , 41,"LORA",125000,"SF7"   ,"4/5",-106, -2.2,"40BC7E4A-018008EF-08F4D27D-7C5AFA4F-9DC038F7-C0C4EF79-CAA672CA-682F132E-B7946100-9F625EAD-E8"
"2E76B17A0F712728","","2026-01-11 14:04:33.958Z",1450910691, 867300000,0, 4,"CRC_OK" , 47,"LORA",125000,"SF7"   ,"4/5",-106, -3.8,"40BC7E4A-01800AEF-084FB297-49D87F95-139BCEE2-A6C5A9F2-34237346-6C9CAB44-860366BA-FC987BEE-EBA3F2CC-92C754"
"2E76B17A0F712728","","2026-01-11 14:04:37.612Z",1454539236, 867900000,0, 7,"CRC_BAD", 52,"LORA",125000,"SF12"  ,"4/5",-109,-21.8,"E02473A5-89C70852-6F934AA4-C34E3B45-4277263D-2FA0D550-BA294F18-5D515FDF-ED6F813A-BC41512D-188F0F51-3DD1591F-037A5A06"
"2E76B17A0F712728","","2026-01-11 14:04:57.141Z",1474092292, 867900000,0, 7,"CRC_BAD",240,"LORA",125000,"SF7"   ,"2/3",-109,-11.0,"F0B5FE07-256930B0-2BF213EF-0E796DD5-AC58EB0E-39AFA815-E352B715-F4A7D2C1-CF2745A8-58A20F24-5461C478-1FC10001-A45D4671-089E0561-51926476-67486B7A-2BA7D43B-944A68A4-62503999-4F7D6ED8-D9321358-C3D2ACCA-FD7F473A-56B93574-98A17691-CA9FADB7-BF959B1A-95640CB4-E3A5F56A-099E7468-A3ACA40D-D7112A46-F4F8BFC7-B4E21665-EE423725-504D01E6-F12781B2-EFEC8942-8552766B-A474FF2F-73328841-5E1A6AC7-6247314F-B5D8A801-D2E944D6-4C7A8A75-D31E0871-238FB299-6F2F2542-BEAE4F51-20C955AD-193C3B43-0478EE51-F5BD72C9-5BEC3BC8-3AA41DAC-0596C790-ABAF8C2B-FF442F2D-0809D49A"
"2E76B17A0F712728","","2026-01-11 14:05:42.269Z",1519222619, 867300000,0, 4,"CRC_OK" , 53,"LORA",125000,"SF7"   ,"4/5",-106, -2.8,"40BC7E4A-01800FEF-0886088A-FA05A9E3-641409EF-5F0AFAC5-A0156CEC-8F62A0F8-F436CE1E-7D0EA392-C2411F3D-591FF666-BEA74053-37"
"2E76B17A0F712728","","2026-01-11 14:05:48.235Z",1525161508, 867100000,0, 3,"CRC_OK" , 52,"LORA",125000,"SF12"  ,"4/5",-107, +2.0,"E0004A8F-F745DDAB-2AE10CFA-A8078F49-0CF80BC5-B14F5273-9FC248E1-5271A824-A0AC6444-BBCEBD7D-6DFD709C-61F799EB-16BB46C2"
"2E76B17A0F712728","","2026-01-11 14:05:56.075Z",1533026563, 867300000,0, 4,"CRC_OK" , 22,"LORA",125000,"SF7"   ,"4/5",-43, +9.5,"80789ED8-00802FB8-0244607C-754DC50F-6D16C40B-091F"
"2E76B17A0F712728","","2026-01-11 14:06:36.868Z",1573820523, 868300000,1, 1,"CRC_OK" , 29,"LORA",125000,"SF7"   ,"4/5",-107, -3.8,"40BC7E4A-018013EF-08A4E218-AF589056-2BFFFB2D-E7D3251A-DE548D3A-41"
"2E76B17A0F712728","","2026-01-11 14:07:31.510Z",1628461140, 867500000,0, 5,"CRC_OK" , 54,"LORA",125000,"SF7"   ,"4/5",-108, -3.8,"40BC7E4A-018017EF-08F5B776-F5D1D624-85B88B43-685007B1-6854D218-21EFF910-2F5CEF03-68548F7D-678C70F9-D531E9A7-FC1F2462-58E5"
"2E76B17A0F712728","","2026-01-11 14:07:45.180Z",1642132196, 867700000,0, 6,"CRC_OK" , 54,"LORA",125000,"SF7"   ,"4/5",-105, -2.0,"40BC7E4A-018018EF-08810430-87ED57FB-731BB91C-315C9AE0-76DBB6EE-621A58B9-AE3CDDD3-27C747F4-A9C4A8A1-9B2004E9-F130E5AC-AA48"
"2E76B17A0F712728","","2026-01-11 14:08:12.494Z",1669445003, 867100000,0, 3,"CRC_OK" , 54,"LORA",125000,"SF7"   ,"4/5",-108, -2.8,"40BC7E4A-01801AEF-082B4F5C-98164C5A-9C653118-7C695751-9C55FE66-DF0B9E95-8C4C021B-E3376EBB-C7A432D0-D555FCE0-C1BA73E9-CBD9"
